{
    "cameraTransform": [
        -0.991412638377808,
        -0.11227514554003513,
        -0.06704677874696027,
        0.0,
        0.05475806394189831,
        -0.8220145862982607,
        0.5668276499551285,
        0.0,
        -0.11875408900892954,
        0.5582887404970927,
        0.8211035914955509,
        -0.0,
        0.23382115231289544,
        -0.9882759247352514,
        0.11677959496692318,
        1.0
    ],
    "pointofview_0": [
        -0.3991309474434125,
        -0.069754872536605,
        -0.9142365546406138,
        0.0,
        0.0064419110332146895,
        -0.9972905176719198,
        0.07327940959928075,
        0.0,
        -0.9168712883244627,
        0.02335863286627718,
        0.3984989036065327,
        0.0,
        -0.79776298779895,
        1.7565665785005558,
        3.131087784936718,
        1.0
    ],
    "pointofview_1": [
        -0.5599015578736142,
        0.01725503755910751,
        0.8283795284570797,
        0.0,
        0.2191043833516752,
        -0.961109607001555,
        0.16811241601114812,
        0.0,
        0.7990641692376186,
        0.2756279554831119,
        0.5343460407289784,
        0.0,
        -0.027817779888333505,
        2.0633151145129993,
        3.138291974157272,
        0.9999999999999999
    ],
    "pointofview_2": [
        -0.23854629298483038,
        -0.07083205692462696,
        -0.9685441760453459,
        0.0,
        0.038274554489596116,
        -0.9972469956235939,
        0.06350438628357036,
        0.0,
        -0.9703765444370026,
        -0.021921889495508384,
        0.24060074963874606,
        0.0,
        0.5693993504013906,
        1.7005472003483901,
        2.4100616879372776,
        1.0
    ],
    "pointofview_3": [
        0.3813360241079474,
        0.16938583950671188,
        0.9087856585641234,
        0.0,
        0.0041295746476046336,
        -0.983372232927798,
        0.18155502823551006,
        0.0,
        0.9244272993231157,
        -0.06548058595814349,
        -0.37569475224898113,
        0.0,
        -0.6298027053469866,
        2.0738499440214992,
        2.892583991884607,
        0.9999999999999999
    ],
    "pointofview_4": [
        0.588604283775012,
        -0.007841744403072226,
        -0.8083832162117434,
        0.0,
        0.1478102931161217,
        -0.9820528025606875,
        0.11715085308047718,
        0.0,
        -0.7947937438189429,
        -0.18844285475858025,
        -0.5768813853180489,
        0.0,
        -0.05339627802753791,
        1.8715678147051062,
        2.9862340095018016,
        1.0
    ],
    "pointofview_5": [
        0.009290138644910587,
        0.07774775777764731,
        0.9969298537743247,
        0.0,
        0.044513352914712326,
        -0.99601677774689,
        0.07726177203763224,
        0.0,
        0.998965617564988,
        0.043658886365226975,
        -0.012713990991517266,
        0.0,
        0.3052412099454385,
        1.7356409410510634,
        2.5814232760189095,
        0.9999999999999999
    ]
}
